batch_size,body_text_combined,data_gm,decay,embedding_matrix_path,embedding_path,epochs,fc_dropout,fc_layer,fc_neurons,forecast_F1,forecast_period,forecast_precision,forecast_recall,frontpage,lr,lstm1_dropout,lstm1_layer,lstm1_max_len,lstm1_neurons,max_words,meta_dropout,meta_layer,meta_neurons,mod_id,model_folder,month_window,mt_target,n_embedding,patience,test_F1,test_precision,test_recall,testing_group,tokenizer,train_F1,train_precision,train_recall,training_group,val_F1,val_precision,val_recall,validation_group,w,year_target,diff,pci
256,1,.//data/output/database.db,9.247739057724215e-05,.//data/output/embedding_matrix.pkl,.//data/output/embedding.pkl,100,0.3533928616385809,3,17,0.3787878787878788,3,0.27075812274368233,0.6302521008403361,1,0.10635567212921698,0.44217107094551783,1,22,45,9090,0.0,1,3,1545110366,.//models/window_5_years_quarterly/,60,1,23,10,0.3660855784469097,0.26013513513513514,0.6176470588235294,"[1, 5]",./data/output/tokenizer.pkl,0.4431137724550898,0.3033917256802087,0.8213925327951564,"[3, 4, 7, 8, 9, 10]",0.340080971659919,0.2394526795895097,0.5865921787709497,"[2, 6]",1.032557552326044,1970,-0.012702300340969086,0.012702300340969086
256,1,.//data/output/database.db,0.00011200931393709517,.//data/output/embedding_matrix.pkl,.//data/output/embedding.pkl,100,0.3330855667294085,1,17,0.42953020134228187,3,0.35424354243542433,0.5454545454545454,1,0.0780165854703716,0.3161641113477817,1,21,30,8899,0.0,1,5,1545147947,.//models/window_5_years_quarterly/,60,10,19,10,0.39687055476529154,0.2946145723336853,0.6078431372549019,"[1, 5]",./data/output/tokenizer.pkl,0.5183001719479243,0.37082601054481545,0.8605220228384992,"[3, 4, 7, 8, 9, 10]",0.37636761487964987,0.2771213748657358,0.5863636363636363,"[2, 6]",0.9738420831360529,1970,-0.03265964657699033,0.03265964657699033
256,1,.//data/output/database.db,0.00010556027516416404,.//data/output/embedding_matrix.pkl,.//data/output/embedding.pkl,100,0.39516939987868943,5,19,0.4210526315789473,3,0.37267080745341613,0.4838709677419355,1,0.10235646122993915,0.47366905097169854,1,18,40,12287,0.0,1,2,1545187138,.//models/window_5_years_quarterly/,60,4,27,10,0.37526652452025583,0.3271375464684015,0.44,"[1, 5]",./data/output/tokenizer.pkl,0.5353271028037383,0.443343653250774,0.6754716981132075,"[3, 4, 7, 8, 9, 10]",0.36588103254769927,0.32023575638506874,0.42670157068062825,"[2, 6]",0.7447955444301994,1970,-0.04578610705869146,0.04578610705869146
256,1,.//data/output/database.db,0.0001656547907964773,.//data/output/embedding_matrix.pkl,.//data/output/embedding.pkl,100,0.5046684189233568,3,19,0.4555314533622559,3,0.347682119205298,0.660377358490566,1,0.08812181000954944,0.43137063566665057,1,18,32,10855,0.0,1,3,1545147780,.//models/window_5_years_quarterly/,60,7,28,10,0.3991130820399113,0.2912621359223301,0.6338028169014085,"[1, 5]",./data/output/tokenizer.pkl,0.52071638599305,0.37346625766871167,0.8596646072374228,"[3, 4, 7, 8, 9, 10]",0.3896499238964992,0.2822491730981257,0.628992628992629,"[2, 6]",0.9028798890170019,1970,-0.05641837132234462,0.05641837132234462
256,1,.//data/output/database.db,0.00010895560121959454,.//data/output/embedding_matrix.pkl,.//data/output/embedding.pkl,100,0.43663072560648203,2,18,0.27272727272727276,3,0.23076923076923078,0.3333333333333333,1,0.07228804202917108,0.6390235627783434,1,15,50,10367,0.0,1,1,1545114050,.//models/window_5_years_quarterly/,60,1,19,10,0.3789764868603043,0.2790224032586558,0.5905172413793104,"[1, 5]",./data/output/tokenizer.pkl,0.44894968246213973,0.3220042046250876,0.7411290322580645,"[3, 4, 7, 8, 9, 10]",0.3823316437364228,0.28175026680896476,0.5945945945945946,"[2, 6]",0.8576865017811313,1971,0.10624921413303151,0.10624921413303151
256,1,.//data/output/database.db,0.00014547544091991503,.//data/output/embedding_matrix.pkl,.//data/output/embedding.pkl,100,0.3883636555094315,1,18,0.4281045751633987,3,0.3075117370892019,0.7043010752688172,1,0.1000024226927643,0.268076688542542,1,32,35,8262,0.0,4,3,1545168629,.//models/window_5_years_quarterly/,60,10,24,10,0.4196675900277009,0.3120494335736354,0.6405919661733616,"[1, 5]",./data/output/tokenizer.pkl,0.5821501014198782,0.4301236418134133,0.9003921568627451,"[3, 4, 7, 8, 9, 10]",0.41569767441860467,0.3108695652173913,0.6271929824561403,"[2, 6]",1.09133778182092,1971,-0.00843698513569785,0.00843698513569785
256,1,.//data/output/database.db,0.00012749084690268718,.//data/output/embedding_matrix.pkl,.//data/output/embedding.pkl,100,0.39501266626740755,2,27,0.4170616113744075,3,0.2802547770700637,0.8148148148148148,1,0.09141412478285041,0.7528918927295509,1,16,40,7810,0.0,4,6,1545168259,.//models/window_5_years_quarterly/,60,4,24,10,0.38461538461538464,0.25943396226415094,0.7432432432432432,"[1, 5]",./data/output/tokenizer.pkl,0.4138213044367205,0.2731443994601889,0.8532883642495784,"[3, 4, 7, 8, 9, 10]",0.36996336996337,0.24979389942291838,0.7129411764705882,"[2, 6]",1.0032307289857116,1971,-0.03244622675902287,0.03244622675902287
256,1,.//data/output/database.db,0.00010347417302760966,.//data/output/embedding_matrix.pkl,.//data/output/embedding.pkl,100,0.24612171433244506,1,15,0.42857142857142855,3,0.3269230769230769,0.6219512195121951,1,0.07403809067026866,0.3638015342044106,2,17,28,11641,0.0,1,5,1545168436,.//models/window_5_years_quarterly/,60,7,16,10,0.4388926401080351,0.31584062196307094,0.7190265486725663,"[1, 5]",./data/output/tokenizer.pkl,0.5377906976744186,0.38065843621399176,0.9158415841584159,"[3, 4, 7, 8, 9, 10]",0.4002770083102493,0.28642220019821607,0.664367816091954,"[2, 6]",0.8086898366491191,1971,0.010321211536606534,0.010321211536606534
256,1,.//data/output/database.db,0.00011573525363142355,.//data/output/embedding_matrix.pkl,.//data/output/embedding.pkl,100,0.27986909760838796,1,14,0.452513966480447,3,0.3894230769230769,0.54,1,0.10022040575629412,0.33888872736482173,1,8,27,6061,0.0,3,2,1545188673,.//models/window_5_years_quarterly/,60,1,28,10,0.4461901021209741,0.3641025641025641,0.5760649087221096,"[1, 5]",./data/output/tokenizer.pkl,0.6629930394431555,0.5414495499763146,0.8548990276738968,"[3, 4, 7, 8, 9, 10]",0.44100895036615134,0.3603723404255319,0.5681341719077568,"[2, 6]",0.8376613978727016,1972,-0.006323864359472908,0.006323864359472908
256,1,.//data/output/database.db,9.852573741660258e-05,.//data/output/embedding_matrix.pkl,.//data/output/embedding.pkl,100,0.2589172843083889,2,20,0.43983402489626555,3,0.31176470588235294,0.7464788732394366,1,0.10249744554601248,0.3683401951036378,1,21,38,12957,0.0,2,1,1545169519,.//models/window_5_years_quarterly/,60,10,20,10,0.45584415584415583,0.34445534838076547,0.6737044145873321,"[1, 5]",./data/output/tokenizer.pkl,0.6189365671641791,0.4641483036026583,0.9286214135759272,"[3, 4, 7, 8, 9, 10]",0.4462046204620463,0.3346534653465347,0.6693069306930693,"[2, 6]",0.9985660814103433,1972,0.016010130947890278,0.016010130947890278
256,1,.//data/output/database.db,9.048003934073611e-05,.//data/output/embedding_matrix.pkl,.//data/output/embedding.pkl,100,0.4816970214710452,1,16,0.4376899696048633,3,0.31718061674008813,0.7058823529411765,1,0.0917968556054618,0.2741194310476488,1,12,37,8105,0.0,2,2,1545188695,.//models/window_5_years_quarterly/,60,4,20,10,0.4692370795734208,0.4,0.5674603174603174,"[1, 5]",./data/output/tokenizer.pkl,0.7415472779369627,0.61239943208708,0.9397240377632534,"[3, 4, 7, 8, 9, 10]",0.4528605962933118,0.37367021276595747,0.5746421267893661,"[2, 6]",1.0245845280501433,1972,0.03154710996855753,0.03154710996855753
256,1,.//data/output/database.db,0.00014058655490119948,.//data/output/embedding_matrix.pkl,.//data/output/embedding.pkl,100,0.4412024899094617,1,23,0.4714285714285715,3,0.3535714285714286,0.7071428571428572,1,0.06658196209977738,0.3734557416054151,2,28,33,9011,0.0,1,1,1545149427,.//models/window_5_years_quarterly/,60,7,13,10,0.4663143989431969,0.3508946322067594,0.6948818897637795,"[1, 5]",./data/output/tokenizer.pkl,0.6408053032163026,0.4862146050670641,0.9395248380129589,"[3, 4, 7, 8, 9, 10]",0.4454976303317536,0.33434959349593496,0.6673427991886409,"[2, 6]",0.9254384709840482,1972,-0.005114172485374602,0.005114172485374602
256,1,.//data/output/database.db,4.789115919331628e-05,.//data/output/embedding_matrix.pkl,.//data/output/embedding.pkl,100,0.4818955343835418,3,23,0.46601941747572817,3,0.41739130434782606,0.5274725274725275,1,0.0480138553932562,0.269438890738685,1,16,45,6628,0.0,5,1,1545169783,.//models/window_5_years_quarterly/,60,1,18,10,0.47700170357751276,0.4381846635367762,0.5233644859813084,"[1, 5]",./data/output/tokenizer.pkl,0.7693672383205203,0.680439330543933,0.8850340136054422,"[3, 4, 7, 8, 9, 10]",0.45862068965517233,0.4143302180685358,0.5135135135135135,"[2, 6]",1.0590785932845328,1973,0.010982286101784589,0.010982286101784589
256,1,.//data/output/database.db,0.0001,.//data/output/embedding_matrix.pkl,.//data/output/embedding.pkl,100,0.3,2,20,0.40703517587939697,3,0.3389121338912134,0.5094339622641509,1,0.1,0.4,1,20,40,10000,0.0,1,2,1545117752,.//models/window_5_years_quarterly/,60,10,20,10,0.48253968253968255,0.41530054644808745,0.5757575757575758,"[1, 5]",./data/output/tokenizer.pkl,0.6920492721164614,0.5855045002368545,0.8459958932238193,"[3, 4, 7, 8, 9, 10]",0.47518307567127743,0.40782122905027934,0.5692007797270955,"[2, 6]",1.001,1973,0.07550450666028558,0.07550450666028558
256,1,.//data/output/database.db,7.419819010729022e-05,.//data/output/embedding_matrix.pkl,.//data/output/embedding.pkl,100,0.2965430179432489,3,19,0.47148288973384034,3,0.4189189189189189,0.5391304347826087,1,0.072433556631874,0.5346856351444278,1,17,27,15415,0.0,3,2,1545189474,.//models/window_5_years_quarterly/,60,4,23,10,0.47019867549668876,0.4182621502209131,0.5368620037807184,"[1, 5]",./data/output/tokenizer.pkl,0.6853801169590642,0.5961342828077314,0.8060522696011004,"[3, 4, 7, 8, 9, 10]",0.4688832054560956,0.4166666666666667,0.5360623781676414,"[2, 6]",0.7963226227582296,1973,-0.001284214237151582,0.001284214237151582
256,1,.//data/output/database.db,0.00012135981300237664,.//data/output/embedding_matrix.pkl,.//data/output/embedding.pkl,100,0.405757232233691,2,24,0.4626334519572954,3,0.38235294117647056,0.5855855855855856,1,0.09258375800660508,0.39675757864089123,1,23,50,12731,0.0,1,2,1545117727,.//models/window_5_years_quarterly/,60,7,20,10,0.4786196549137285,0.39676616915422885,0.6030245746691871,"[1, 5]",./data/output/tokenizer.pkl,0.6642143983184445,0.5378723404255319,0.8681318681318682,"[3, 4, 7, 8, 9, 10]",0.4560357675111773,0.3686746987951807,0.59765625,"[2, 6]",0.9203972864489484,1973,0.015986202956433104,0.015986202956433104
256,1,.//data/output/database.db,0.00010352167073522847,.//data/output/embedding_matrix.pkl,.//data/output/embedding.pkl,100,0.18115006115207524,3,29,0.4611973392461197,3,0.33548387096774196,0.7375886524822695,1,0.053402520066996466,0.48000322727257955,1,13,35,11043,0.0,3,2,1545190174,.//models/window_5_years_quarterly/,60,1,12,10,0.4610705596107056,0.34113411341134114,0.7110694183864915,"[1, 5]",./data/output/tokenizer.pkl,0.6102892470744093,0.45296624057686,0.9350473612990527,"[3, 4, 7, 8, 9, 10]",0.4826302729528536,0.3559011893870082,0.7495183044315993,"[2, 6]",1.11910218643794,1974,-0.0001267796354141315,0.0001267796354141315
256,1,.//data/output/database.db,8.640308951132296e-05,.//data/output/embedding_matrix.pkl,.//data/output/embedding.pkl,100,0.34220076041142394,3,18,0.48466257668711665,3,0.3632183908045977,0.728110599078341,1,0.09276281971619876,0.3238472431624996,1,14,34,12328,0.0,1,1,1545190732,.//models/window_5_years_quarterly/,60,10,25,10,0.48822800495662955,0.3773946360153257,0.6912280701754386,"[1, 5]",./data/output/tokenizer.pkl,0.6336548767416934,0.4787819889860706,0.9366286438529785,"[3, 4, 7, 8, 9, 10]",0.4858895705521472,0.3680297397769517,0.7148014440433214,"[2, 6]",0.8705476004993772,1974,0.0035654282695128936,0.0035654282695128936
256,1,.//data/output/database.db,9.124738837890872e-05,.//data/output/embedding_matrix.pkl,.//data/output/embedding.pkl,100,0.2937376923011467,4,25,0.44196428571428575,3,0.336734693877551,0.6428571428571429,1,0.10614963380972242,0.28184401560127575,1,15,35,15376,0.0,2,1,1545190339,.//models/window_5_years_quarterly/,60,4,17,10,0.4801587301587301,0.36815415821501013,0.6901140684410646,"[1, 5]",./data/output/tokenizer.pkl,0.6463823670340202,0.4970523212969786,0.923972602739726,"[3, 4, 7, 8, 9, 10]",0.4827109266943292,0.3740621650589496,0.6803118908382066,"[2, 6]",1.6496832968507333,1974,0.038194444444444364,0.038194444444444364
256,1,.//data/output/database.db,0.00011400946610712063,.//data/output/embedding_matrix.pkl,.//data/output/embedding.pkl,100,0.40239467222769776,2,16,0.4960835509138381,3,0.4185022026431718,0.6089743589743589,1,0.09988142157786589,0.2335849980263536,1,14,35,12470,0.0,1,1,1545190573,.//models/window_5_years_quarterly/,60,7,17,10,0.4590622813156053,0.37701149425287356,0.5867620751341681,"[1, 5]",./data/output/tokenizer.pkl,0.7402791625124625,0.6031681559707555,0.9580645161290322,"[3, 4, 7, 8, 9, 10]",0.4933426769446392,0.3986409966024915,0.6470588235294118,"[2, 6]",1.2895418379311758,1974,-0.03702126959823282,0.03702126959823282
256,1,.//data/output/database.db,5.899969217212164e-05,.//data/output/embedding_matrix.pkl,.//data/output/embedding.pkl,100,0.153926928479802,2,17,0.48245614035087714,3,0.36585365853658536,0.7081545064377682,1,0.0834620349506593,0.374206881934141,1,20,40,9820,0.0,1,1,1545190813,.//models/window_5_years_quarterly/,60,1,17,10,0.491638795986622,0.36536868268434136,0.7512776831345827,"[1, 5]",./data/output/tokenizer.pkl,0.6303864050171961,0.46984318455971047,0.9575906576521205,"[3, 4, 7, 8, 9, 10]",0.4747126436781609,0.3535958904109589,0.722027972027972,"[2, 6]",2.0535805268929708,1975,0.009182655635744885,0.009182655635744885
256,1,.//data/output/database.db,0.00015065085980675588,.//data/output/embedding_matrix.pkl,.//data/output/embedding.pkl,100,0.3190474971765809,1,24,0.5654008438818565,3,0.4734982332155477,0.7015706806282722,1,0.0808718526462221,0.35791107818552076,1,14,44,12614,0.0,1,1,1545191613,.//models/window_5_years_quarterly/,60,10,15,10,0.5367372353673724,0.4402451481103167,0.6874003189792663,"[1, 5]",./data/output/tokenizer.pkl,0.6161572052401746,0.4975317348377997,0.8090596330275229,"[3, 4, 7, 8, 9, 10]",0.5095057034220534,0.4161490683229814,0.6568627450980392,"[2, 6]",1.381655824008902,1975,-0.02866360851448413,0.02866360851448413
256,1,.//data/output/database.db,0.00018941015458578438,.//data/output/embedding_matrix.pkl,.//data/output/embedding.pkl,100,0.24915111232624562,4,20,0.4480651731160896,3,0.3806228373702422,0.5445544554455446,1,0.0668141043253876,0.2824830621686307,3,14,21,5815,0.0,5,4,1545171414,.//models/window_5_years_quarterly/,60,4,16,10,0.4916666666666666,0.4259927797833935,0.5812807881773399,"[1, 5]",./data/output/tokenizer.pkl,0.5914056809905317,0.5026826248452332,0.7181603773584906,"[3, 4, 7, 8, 9, 10]",0.48999309868875085,0.41569086651053866,0.5966386554621849,"[2, 6]",0.708048368110419,1975,0.043601493550576964,0.043601493550576964
256,1,.//data/output/database.db,0.00012272493766095658,.//data/output/embedding_matrix.pkl,.//data/output/embedding.pkl,100,0.30189072100346376,4,23,0.5255474452554745,3,0.43724696356275305,0.6585365853658537,1,0.09832920574873515,0.32584032023521126,1,18,44,9254,0.0,1,2,1545191436,.//models/window_5_years_quarterly/,60,7,18,10,0.4775707384403036,0.4199029126213592,0.5536,"[1, 5]",./data/output/tokenizer.pkl,0.6452088452088452,0.5637612709317303,0.7541642734060885,"[3, 4, 7, 8, 9, 10]",0.49586776859504134,0.42857142857142855,0.5882352941176471,"[2, 6]",0.821064423167874,1975,-0.047976706815170855,0.047976706815170855
256,1,.//data/output/database.db,0.00010322892922663856,.//data/output/embedding_matrix.pkl,.//data/output/embedding.pkl,100,0.1869201975332249,5,34,0.5221932114882507,3,0.45871559633027525,0.6060606060606061,1,0.07530463879581095,0.2423465028529848,1,15,29,7173,0.0,5,3,1545152224,.//models/window_5_years_quarterly/,60,1,10,10,0.5064377682403434,0.4609375,0.5619047619047619,"[1, 5]",./data/output/tokenizer.pkl,0.7753587333003464,0.6842794759825328,0.894406392694064,"[3, 4, 7, 8, 9, 10]",0.5151729004940013,0.4556803995006242,0.5925324675324676,"[2, 6]",0.8606726110879741,1976,-0.01575544324790734,0.01575544324790734
256,1,.//data/output/database.db,9.504730218104231e-05,.//data/output/embedding_matrix.pkl,.//data/output/embedding.pkl,100,0.37925481534870353,5,24,0.46511627906976744,3,0.4452054794520548,0.4868913857677903,1,0.07467697518413817,0.36735073192208395,2,26,48,8917,0.0,2,3,1545192386,.//models/window_5_years_quarterly/,60,10,22,10,0.5326817348808797,0.45416666666666666,0.6440177252584933,"[1, 5]",./data/output/tokenizer.pkl,0.7613882863340564,0.6428571428571429,0.9335106382978723,"[3, 4, 7, 8, 9, 10]",0.5142857142857143,0.4357894736842105,0.6272727272727273,"[2, 6]",0.9075957626661746,1976,0.06756545581111223,0.06756545581111223
256,1,.//data/output/database.db,8.723290899117003e-05,.//data/output/embedding_matrix.pkl,.//data/output/embedding.pkl,100,0.3724097308921634,2,17,0.4956063268892794,3,0.376,0.7268041237113402,1,0.07735692654779044,0.29928031066637845,1,16,46,13671,0.0,1,1,1545152541,.//models/window_5_years_quarterly/,60,4,16,10,0.5207977207977208,0.4181152790484904,0.6903323262839879,"[1, 5]",./data/output/tokenizer.pkl,0.6840312562612703,0.5413891531874405,0.9287268770402611,"[3, 4, 7, 8, 9, 10]",0.5191977077363896,0.4118181818181818,0.7023255813953488,"[2, 6]",0.9254757008888174,1976,0.025191393908441384,0.025191393908441384
256,1,.//data/output/database.db,8.200980180456603e-05,.//data/output/embedding_matrix.pkl,.//data/output/embedding.pkl,100,0.25440605413204365,1,24,0.6108949416342413,3,0.5064516129032258,0.7696078431372549,1,0.09083608411196151,0.34888773681927765,1,21,29,11487,0.0,2,1,1545122051,.//models/window_5_years_quarterly/,60,7,27,10,0.526435474701535,0.42477064220183486,0.6920777279521674,"[1, 5]",./data/output/tokenizer.pkl,0.6683886350089409,0.5295969773299748,0.9057619816908993,"[3, 4, 7, 8, 9, 10]",0.5120448179271708,0.40299823633156967,0.7019969278033794,"[2, 6]",1.2049140862092498,1976,-0.08445946693270634,0.08445946693270634
256,1,.//data/output/database.db,0.00010360130482074173,.//data/output/embedding_matrix.pkl,.//data/output/embedding.pkl,100,0.3727983231592262,2,21,0.49050086355785844,3,0.3901098901098901,0.6604651162790698,1,0.07248277910472332,0.3912236714924674,2,18,27,10272,0.0,1,2,1545153068,.//models/window_5_years_quarterly/,60,1,10,10,0.5317044793484583,0.44541910331384016,0.6594516594516594,"[1, 5]",./data/output/tokenizer.pkl,0.7141104294478529,0.5896656534954408,0.9051321928460342,"[3, 4, 7, 8, 9, 10]",0.5417901600474214,0.4520276953511375,0.6760355029585798,"[2, 6]",1.1326907400446697,1977,0.04120361579059989,0.04120361579059989
256,1,.//data/output/database.db,7.166872386253043e-05,.//data/output/embedding_matrix.pkl,.//data/output/embedding.pkl,100,0.3276016524200844,1,18,0.5217391304347826,3,0.4692737430167598,0.5874125874125874,1,0.09966744934780954,0.4311019522535471,1,27,44,7842,0.0,3,4,1545123774,.//models/window_5_years_quarterly/,60,10,20,10,0.5494003426613364,0.48733535967578523,0.6295811518324608,"[1, 5]",./data/output/tokenizer.pkl,0.6977193660610747,0.5947281713344317,0.8438522674146798,"[3, 4, 7, 8, 9, 10]",0.5229722064662506,0.4541871921182266,0.6163101604278075,"[2, 6]",1.1332520405791713,1977,0.027661212226553822,0.027661212226553822
256,1,.//data/output/database.db,9.618698985410244e-05,.//data/output/embedding_matrix.pkl,.//data/output/embedding.pkl,100,0.21777169957961076,1,20,0.4752747252747253,3,0.37445887445887444,0.650375939849624,1,0.10545844867807799,0.5208705498941708,1,22,29,8766,0.0,1,4,1545123049,.//models/window_5_years_quarterly/,60,4,19,10,0.5449438202247191,0.45200372786579684,0.685997171145686,"[1, 5]",./data/output/tokenizer.pkl,0.6116692426584235,0.49345386533665836,0.804369918699187,"[3, 4, 7, 8, 9, 10]",0.5304054054054054,0.4329044117647059,0.684593023255814,"[2, 6]",0.9767040187584565,1977,0.06966909494999379,0.06966909494999379
256,1,.//data/output/database.db,7.487123580962411e-05,.//data/output/embedding_matrix.pkl,.//data/output/embedding.pkl,100,0.2889862010581574,2,18,0.5238095238095238,3,0.47530864197530864,0.5833333333333334,1,0.11030816610186225,0.4236339806515966,1,15,46,8566,0.0,1,2,1545123486,.//models/window_5_years_quarterly/,60,7,17,10,0.5376344086021505,0.46206225680933855,0.6427604871447903,"[1, 5]",./data/output/tokenizer.pkl,0.633359872611465,0.5380453161988502,0.7697145621673923,"[3, 4, 7, 8, 9, 10]",0.5237278444825615,0.4455252918287938,0.6352288488210819,"[2, 6]",1.0118181073432406,1977,0.013824884792626668,0.013824884792626668
256,1,.//data/output/database.db,8.857880475573848e-05,.//data/output/embedding_matrix.pkl,.//data/output/embedding.pkl,100,0.29751744677801756,2,19,0.5240963855421688,3,0.4416243654822335,0.6444444444444445,1,0.09384010707017408,0.5082567839338306,1,14,26,8026,0.0,2,4,1545173791,.//models/window_5_years_quarterly/,60,1,31,10,0.5431157694140066,0.43644716692189894,0.7187894073139974,"[1, 5]",./data/output/tokenizer.pkl,0.6856564975560424,0.5483957940145592,0.914568345323741,"[3, 4, 7, 8, 9, 10]",0.528537170263789,0.42157612853863813,0.7082262210796915,"[2, 6]",1.0489810404239233,1978,0.01901938387183788,0.01901938387183788
256,1,.//data/output/database.db,0.0001,.//data/output/embedding_matrix.pkl,.//data/output/embedding.pkl,100,0.3,2,20,0.4941176470588235,3,0.3826879271070615,0.6970954356846473,1,0.1,0.4,1,20,40,10000,0.0,1,2,1545125090,.//models/window_5_years_quarterly/,60,10,20,10,0.5465437788018432,0.45933384972889235,0.6746302616609784,"[1, 5]",./data/output/tokenizer.pkl,0.6334785314250155,0.5147914032869785,0.8232915487262434,"[3, 4, 7, 8, 9, 10]",0.5388127853881278,0.444947209653092,0.6828703703703703,"[2, 6]",1.001,1978,0.052426131743019744,0.052426131743019744
256,1,.//data/output/database.db,8.832142142273674e-05,.//data/output/embedding_matrix.pkl,.//data/output/embedding.pkl,100,0.3033404798938101,2,30,0.5097276264591439,3,0.4924812030075188,0.5282258064516129,1,0.08357174088953362,0.20532029678174443,2,32,43,10226,0.0,3,3,1545173942,.//models/window_5_years_quarterly/,60,4,37,10,0.5418552036199096,0.5101171458998935,0.5778045838359469,"[1, 5]",./data/output/tokenizer.pkl,0.6980809424282728,0.6265347885402456,0.788073788073788,"[3, 4, 7, 8, 9, 10]",0.5399449035812672,0.48951048951048953,0.601965601965602,"[2, 6]",0.8515892786007598,1978,0.03212757716076564,0.03212757716076564
256,1,.//data/output/database.db,9.285998330934575e-05,.//data/output/embedding_matrix.pkl,.//data/output/embedding.pkl,100,0.28097583317994373,1,23,0.45884413309982486,3,0.3732193732193732,0.5954545454545455,1,0.0709399234090118,0.3946846381278852,1,14,42,8235,0.0,2,4,1545154339,.//models/window_5_years_quarterly/,60,7,17,10,0.5584677419354839,0.49113475177304966,0.647196261682243,"[1, 5]",./data/output/tokenizer.pkl,0.6903180706046836,0.5961364322366435,0.8198422581984226,"[3, 4, 7, 8, 9, 10]",0.543640897755611,0.468615649183147,0.6472684085510689,"[2, 6]",1.2196780018446445,1978,0.09962360883565902,0.09962360883565902
256,1,.//data/output/database.db,8.539639240739261e-05,.//data/output/embedding_matrix.pkl,.//data/output/embedding.pkl,100,0.4267154032034761,2,24,0.41964285714285715,3,0.3381294964028777,0.5529411764705883,1,0.06615690527028183,0.27326418950356623,2,24,35,9398,0.0,2,4,1545174677,.//models/window_5_years_quarterly/,60,1,27,10,0.5350877192982456,0.4749134948096886,0.6127232142857143,"[1, 5]",./data/output/tokenizer.pkl,0.663,0.5718803910293272,0.788659793814433,"[3, 4, 7, 8, 9, 10]",0.5431861804222649,0.4700996677740864,0.6431818181818182,"[2, 6]",0.6197381711635825,1979,0.11544486215538846,0.11544486215538846
256,1,.//data/output/database.db,0.00011861908475126854,.//data/output/embedding_matrix.pkl,.//data/output/embedding.pkl,100,0.3139126628161585,3,22,0.5329052969502407,3,0.48255813953488375,0.5949820788530465,1,0.06277484070302507,0.46918980747087013,2,23,67,7959,0.0,4,1,1545155527,.//models/window_5_years_quarterly/,60,10,11,10,0.5272904483430799,0.4796099290780142,0.5854978354978355,"[1, 5]",./data/output/tokenizer.pkl,0.6137030995106036,0.5340715502555367,0.7212423312883436,"[3, 4, 7, 8, 9, 10]",0.5326444340065759,0.46513535684987695,0.6230769230769231,"[2, 6]",0.7460438430368879,1979,-0.005614848607160772,0.005614848607160772
256,1,.//data/output/database.db,9.372290129290018e-05,.//data/output/embedding_matrix.pkl,.//data/output/embedding.pkl,100,0.32800633251680483,1,24,0.47409733124018844,3,0.38817480719794345,0.6088709677419355,1,0.04574457881942737,0.6354947249141961,2,20,34,12025,0.0,2,4,1545155085,.//models/window_5_years_quarterly/,60,4,16,10,0.5536205316223648,0.471875,0.6696230598669624,"[1, 5]",./data/output/tokenizer.pkl,0.7016986823305287,0.5877659574468085,0.8704214257581725,"[3, 4, 7, 8, 9, 10]",0.5442498816848084,0.46862265688671556,0.6489841986455982,"[2, 6]",0.9187130231902718,1979,0.07952320038217636,0.07952320038217636
256,1,.//data/output/database.db,8.84131052753241e-05,.//data/output/embedding_matrix.pkl,.//data/output/embedding.pkl,100,0.24497330910636417,3,17,0.4527629233511587,3,0.3307291666666667,0.7175141242937854,1,0.10313141686995753,0.4104833567105315,2,24,40,8330,0.0,1,2,1545126384,.//models/window_5_years_quarterly/,60,7,23,10,0.5,0.3766519823788546,0.7434782608695653,"[1, 5]",./data/output/tokenizer.pkl,0.5791959157626037,0.43309791945027676,0.8740369799691834,"[3, 4, 7, 8, 9, 10]",0.5213893967093236,0.38961748633879784,0.7878453038674034,"[2, 6]",1.0557045268824725,1979,0.0472370766488413,0.0472370766488413
256,1,.//data/output/database.db,0.00012264539130525887,.//data/output/embedding_matrix.pkl,.//data/output/embedding.pkl,100,0.1785059412263409,4,35,0.4173228346456693,3,0.32919254658385094,0.5698924731182796,1,0.0562927023807215,0.41993166850752234,1,14,45,15159,0.0,2,2,1545155657,.//models/window_5_years_quarterly/,60,1,15,10,0.523931623931624,0.43660968660968663,0.6549145299145299,"[1, 5]",./data/output/tokenizer.pkl,0.6751188589540411,0.5455180442374854,0.8854875283446711,"[3, 4, 7, 8, 9, 10]",0.5498539841468503,0.44677966101694916,0.7147505422993492,"[2, 6]",1.3355565591846785,1980,0.10660878928595463,0.10660878928595463
256,1,.//data/output/database.db,0.00010163235303699408,.//data/output/embedding_matrix.pkl,.//data/output/embedding.pkl,100,0.3277953846659478,2,21,0.5403899721448467,3,0.46973365617433416,0.6360655737704918,1,0.09706569147143594,0.4135813081065277,1,17,48,12383,0.0,1,1,1545156357,.//models/window_5_years_quarterly/,60,10,16,10,0.5125838926174497,0.4281709880868956,0.6384535005224661,"[1, 5]",./data/output/tokenizer.pkl,0.6570638731267276,0.5431801780129901,0.8313696612665685,"[3, 4, 7, 8, 9, 10]",0.5322033898305084,0.44381625441696115,0.6645502645502646,"[2, 6]",0.8309332600398516,1980,-0.027806079527397,0.027806079527397
256,1,.//data/output/database.db,0.0001150966296455605,.//data/output/embedding_matrix.pkl,.//data/output/embedding.pkl,100,0.24890252398436125,1,19,0.39751552795031053,3,0.3240506329113924,0.5140562248995983,1,0.11019750889081943,0.4062062164727669,1,17,33,8248,0.0,2,1,1545127573,.//models/window_5_years_quarterly/,60,4,17,10,0.5219242230736484,0.43660968660968663,0.6486772486772486,"[1, 5]",./data/output/tokenizer.pkl,0.5667790646532767,0.466120086809742,0.7228870605833957,"[3, 4, 7, 8, 9, 10]",0.5391229578675839,0.44946236559139785,0.673469387755102,"[2, 6]",0.8477110015172435,1980,0.12440869512333785,0.12440869512333785
256,1,.//data/output/database.db,9.0825253617667e-05,.//data/output/embedding_matrix.pkl,.//data/output/embedding.pkl,100,0.25016446690168886,1,22,0.46484375,3,0.363914373088685,0.6432432432432432,1,0.09629640320157996,0.39554666339944555,1,17,48,8638,0.0,2,1,1545156171,.//models/window_5_years_quarterly/,60,7,19,10,0.5079984393289114,0.4045991298943443,0.6823899371069182,"[1, 5]",./data/output/tokenizer.pkl,0.5847229693383539,0.4593281216987112,0.8042915279319275,"[3, 4, 7, 8, 9, 10]",0.5249901613537977,0.4166146158650843,0.7095744680851064,"[2, 6]",0.8031988788211095,1980,0.04315468932891142,0.04315468932891142
256,1,.//data/output/database.db,6.0930130375717066e-05,.//data/output/embedding_matrix.pkl,.//data/output/embedding.pkl,100,0.12203130710330153,1,10,0.4358974358974359,3,0.3425692695214106,0.5991189427312775,1,0.08993106438366937,0.2786971965339858,2,21,22,5177,0.0,5,1,1545193924,.//models/window_5_years_quarterly/,60,1,9,10,0.5100990099009901,0.4168284789644013,0.6571428571428571,"[1, 5]",./data/output/tokenizer.pkl,0.6457266109463468,0.5169436650118714,0.8599640933572711,"[3, 4, 7, 8, 9, 10]",0.5329128892392591,0.4305732484076433,0.6990692864529473,"[2, 6]",0.8843577209029616,1981,0.0742015740035542,0.0742015740035542
256,1,.//data/output/database.db,9.88163851236683e-05,.//data/output/embedding_matrix.pkl,.//data/output/embedding.pkl,100,0.12512443879878035,5,13,0.5190839694656488,3,0.4263322884012539,0.6634146341463415,1,0.05485257927470015,0.37007742907012625,1,17,21,8763,0.0,1,3,1545194722,.//models/window_5_years_quarterly/,60,10,23,10,0.5200341005967605,0.4491899852724595,0.6174089068825911,"[1, 5]",./data/output/tokenizer.pkl,0.6683350507875754,0.5702084903290631,0.8072546230440967,"[3, 4, 7, 8, 9, 10]",0.5294866355536699,0.4515195369030391,0.64,"[2, 6]",0.725246787194564,1981,0.0009501311311116423,0.0009501311311116423
256,1,.//data/output/database.db,0.00010387429014699743,.//data/output/embedding_matrix.pkl,.//data/output/embedding.pkl,100,0.25365469736362195,1,24,0.4100719424460431,3,0.36538461538461536,0.4672131147540984,1,0.10982630141004737,0.49433474466619926,1,21,28,12290,0.0,1,2,1545129060,.//models/window_5_years_quarterly/,60,4,20,10,0.49801674746584396,0.442443226311668,0.5695564516129032,"[1, 5]",./data/output/tokenizer.pkl,0.6326257978328633,0.5444557996934083,0.7548707049238399,"[3, 4, 7, 8, 9, 10]",0.5109745390693592,0.44803695150115475,0.5944841675178754,"[2, 6]",0.7449644338171227,1981,0.08794480501980084,0.08794480501980084
256,1,.//data/output/database.db,8.004258681688095e-05,.//data/output/embedding_matrix.pkl,.//data/output/embedding.pkl,100,0.3676375918953968,3,18,0.5133858267716536,3,0.4312169312169312,0.6342412451361867,1,0.08156622753689051,0.3149496206358051,2,27,30,8874,0.0,2,2,1545194429,.//models/window_5_years_quarterly/,60,7,22,10,0.5205690119184929,0.416871921182266,0.6929375639713409,"[1, 5]",./data/output/tokenizer.pkl,0.6367571822117276,0.5011356597150527,0.8730215827338129,"[3, 4, 7, 8, 9, 10]",0.515527950310559,0.4121663563004345,0.6880829015544041,"[2, 6]",1.1421445505343597,1981,0.007183185146839355,0.007183185146839355
256,1,.//data/output/database.db,0.0001228104909410394,.//data/output/embedding_matrix.pkl,.//data/output/embedding.pkl,100,0.27076559191914923,1,27,0.4935064935064935,3,0.4034749034749035,0.6352583586626139,1,0.10963945246177366,0.46729550328654823,1,19,37,12144,0.0,3,1,1545157520,.//models/window_5_years_quarterly/,60,1,23,10,0.5126409957215091,0.4134253450439147,0.6745138178096213,"[1, 5]",./data/output/tokenizer.pkl,0.6184,0.4905859953458853,0.8362783988460152,"[3, 4, 7, 8, 9, 10]",0.5075787019043918,0.40559006211180126,0.6780893042575286,"[2, 6]",0.8793014843758897,1982,0.019134502215015614,0.019134502215015614
256,1,.//data/output/database.db,7.70216455593341e-05,.//data/output/embedding_matrix.pkl,.//data/output/embedding.pkl,100,0.2934009083014077,3,20,0.46683046683046686,3,0.4398148148148148,0.4973821989528796,1,0.1009707967207526,0.44752463668205206,1,15,40,10573,0.0,1,1,1545158301,.//models/window_5_years_quarterly/,60,10,19,10,0.4867908185361628,0.42608036391205456,0.5676767676767677,"[1, 5]",./data/output/tokenizer.pkl,0.5909815861968972,0.49950980392156863,0.7234646787362442,"[3, 4, 7, 8, 9, 10]",0.513840830449827,0.4449438202247191,0.6079836233367452,"[2, 6]",1.0392908709442443,1982,0.019960351705695933,0.019960351705695933
256,1,.//data/output/database.db,0.00010970051553171123,.//data/output/embedding_matrix.pkl,.//data/output/embedding.pkl,100,0.19039193949289004,3,16,0.43832335329341326,3,0.31551724137931036,0.7176470588235294,1,0.11771260668918468,0.35496485048996634,1,27,44,10267,0.0,3,2,1545195119,.//models/window_5_years_quarterly/,60,4,19,10,0.48998982015609094,0.37082691319979455,0.722,"[1, 5]",./data/output/tokenizer.pkl,0.6156521739130435,0.45902489626556015,0.9345300950369588,"[3, 4, 7, 8, 9, 10]",0.5,0.37851929092805003,0.7363083164300203,"[2, 6]",1.4778196598544477,1982,0.051666466862677674,0.051666466862677674
256,1,.//data/output/database.db,8.95210623784179e-05,.//data/output/embedding_matrix.pkl,.//data/output/embedding.pkl,100,0.3999027066141391,3,20,0.49403747870528114,3,0.4084507042253521,0.625,1,0.059658522266948094,0.5189528184349964,1,14,35,10939,0.0,1,1,1545195469,.//models/window_5_years_quarterly/,60,7,20,10,0.509979633401222,0.42935528120713307,0.6278836509528586,"[1, 5]",./data/output/tokenizer.pkl,0.6474538332400671,0.5365175052167864,0.8162257495590829,"[3, 4, 7, 8, 9, 10]",0.5083913221449038,0.42563399588759426,0.6310975609756098,"[2, 6]",0.9606067029254645,1982,0.015942154695940847,0.015942154695940847
256,1,.//data/output/database.db,0.00013040935082198047,.//data/output/embedding_matrix.pkl,.//data/output/embedding.pkl,100,0.30547824820803565,2,15,0.3807615230460922,3,0.286144578313253,0.5688622754491018,1,0.12026868200200683,0.45185896162272937,1,27,33,10697,0.0,4,3,1545131895,.//models/window_5_years_quarterly/,60,1,20,10,0.48794957360029667,0.38122827346465815,0.6776519052523172,"[1, 5]",./data/output/tokenizer.pkl,0.5913663568063161,0.45600942655145327,0.8409996378123868,"[3, 4, 7, 8, 9, 10]",0.498894620486367,0.38531587933978373,0.7074190177638453,"[2, 6]",1.1966394178128967,1983,0.1071880505542045,0.1071880505542045
256,1,.//data/output/database.db,0.00010102161299910975,.//data/output/embedding_matrix.pkl,.//data/output/embedding.pkl,100,0.31098228325199384,2,22,0.4069767441860465,3,0.3354632587859425,0.5172413793103449,1,0.08491720840359694,0.3605020982189059,1,15,35,7430,0.0,1,1,1545159123,.//models/window_5_years_quarterly/,60,10,27,10,0.5025086839058279,0.3902877697841727,0.7053087757313109,"[1, 5]",./data/output/tokenizer.pkl,0.6405712774398308,0.49018417324428254,0.9240747806180847,"[3, 4, 7, 8, 9, 10]",0.5001947798987144,0.38674698795180723,0.7078280044101434,"[2, 6]",0.9828073337065665,1983,0.09553193971978141,0.09553193971978141
256,1,.//data/output/database.db,9.443951885713294e-05,.//data/output/embedding_matrix.pkl,.//data/output/embedding.pkl,100,0.23024043650462817,1,23,0.40816326530612246,3,0.3418803418803419,0.5063291139240507,1,0.07296971280956903,0.4511397529747164,1,20,33,8227,0.0,4,1,1545196242,.//models/window_5_years_quarterly/,60,4,16,10,0.503950103950104,0.41649484536082476,0.6378947368421053,"[1, 5]",./data/output/tokenizer.pkl,0.5965108164689463,0.47871863799283154,0.7911884487226953,"[3, 4, 7, 8, 9, 10]",0.5074750830564784,0.4147997284453496,0.653475935828877,"[2, 6]",0.896866478270162,1983,0.09578683864398152,0.09578683864398152
256,1,.//data/output/database.db,0.00012100343920307893,.//data/output/embedding_matrix.pkl,.//data/output/embedding.pkl,100,0.13512432500762234,2,27,0.47761194029850745,3,0.42290748898678415,0.5485714285714286,1,0.07515893977052877,0.3541755787127733,1,17,31,10214,0.0,4,3,1545132651,.//models/window_5_years_quarterly/,60,7,17,10,0.48200455580865603,0.419175911251981,0.5669882100750268,"[1, 5]",./data/output/tokenizer.pkl,0.6506967277281981,0.5556149732620321,0.7850396675481678,"[3, 4, 7, 8, 9, 10]",0.4923928077455048,0.42617717478052675,0.5829694323144105,"[2, 6]",0.7361164726855264,1983,0.004392615510148579,0.004392615510148579
256,1,.//data/output/database.db,0.00011781726299886508,.//data/output/embedding_matrix.pkl,.//data/output/embedding.pkl,100,0.2339900407479602,3,23,0.3125,3,0.22058823529411764,0.5357142857142857,1,0.07271673653980354,0.497903302628749,2,20,24,8303,0.0,3,2,1545133330,.//models/window_5_years_quarterly/,60,1,20,10,0.4765450483991064,0.3613777526821005,0.6994535519125683,"[1, 5]",./data/output/tokenizer.pkl,0.51527950310559,0.38048064575307283,0.7979992304732589,"[3, 4, 7, 8, 9, 10]",0.4796215429403202,0.35640886965927526,0.7330367074527252,"[2, 6]",1.0235157149962246,1984,0.16404504839910639,0.16404504839910639
256,1,.//data/output/database.db,0.00017690299779543473,.//data/output/embedding_matrix.pkl,.//data/output/embedding.pkl,100,0.17951511471098955,1,26,0.41901931649331353,3,0.3740053050397878,0.47635135135135137,1,0.09378537044257862,0.4303392061792812,1,13,41,8289,0.0,1,1,1545179896,.//models/window_5_years_quarterly/,60,10,16,10,0.48278985507246375,0.4053231939163498,0.5968645016797313,"[1, 5]",./data/output/tokenizer.pkl,0.6466234967622572,0.5308860759493671,0.8268927444794952,"[3, 4, 7, 8, 9, 10]",0.47978436657681944,0.39584877687175685,0.6088939566704675,"[2, 6]",0.916546208890468,1984,0.06377053857915022,0.06377053857915022
256,1,.//data/output/database.db,0.0001278722910518705,.//data/output/embedding_matrix.pkl,.//data/output/embedding.pkl,100,0.257336503223665,2,28,0.37500000000000006,3,0.2888198757763975,0.5344827586206896,1,0.10468528147241175,0.4226383322058079,1,19,45,8440,0.0,2,3,1545159723,.//models/window_5_years_quarterly/,60,4,26,10,0.47967108268615805,0.40446841294298924,0.5892255892255892,"[1, 5]",./data/output/tokenizer.pkl,0.67235926628716,0.5606540084388185,0.839652448657188,"[3, 4, 7, 8, 9, 10]",0.48675799086758,0.4056316590563166,0.6084474885844748,"[2, 6]",0.8087388805916947,1984,0.10467108268615799,0.10467108268615799
256,1,.//data/output/database.db,9.62545675960789e-05,.//data/output/embedding_matrix.pkl,.//data/output/embedding.pkl,100,0.3352251503286162,2,26,0.49917355371900823,3,0.43515850144092216,0.5852713178294574,1,0.08236120782505778,0.3784433453240993,1,17,35,8110,0.0,4,5,1545179743,.//models/window_5_years_quarterly/,60,7,17,10,0.47904719894133224,0.3906474820143885,0.6191562143671607,"[1, 5]",./data/output/tokenizer.pkl,0.6592839805825242,0.5293544457978075,0.8737434660233213,"[3, 4, 7, 8, 9, 10]",0.48776223776223776,0.3910301331464611,0.6480836236933798,"[2, 6]",0.8723979811462753,1984,-0.020126354777675992,0.020126354777675992
256,1,.//data/output/database.db,0.0001257723724553034,.//data/output/embedding_matrix.pkl,.//data/output/embedding.pkl,100,0.23483250209317177,2,24,0.48797250859106533,3,0.45222929936305734,0.5298507462686567,1,0.08741135896842585,0.26020470047782773,1,20,45,12761,0.0,2,2,1545160310,.//models/window_5_years_quarterly/,60,1,22,10,0.4655421686746987,0.4100169779286927,0.5384615384615384,"[1, 5]",./data/output/tokenizer.pkl,0.7211787564766838,0.6133296612503443,0.8750491159135559,"[3, 4, 7, 8, 9, 10]",0.47158290277125414,0.40224358974358976,0.5698070374574348,"[2, 6]",0.9328590837159174,1985,-0.022430339916366615,0.022430339916366615
256,1,.//data/output/database.db,7.708038269807007e-05,.//data/output/embedding_matrix.pkl,.//data/output/embedding.pkl,100,0.26389694926086377,2,20,0.4347826086956522,3,0.3448275862068966,0.5882352941176471,1,0.11667107053619308,0.41678424832317823,2,18,34,8764,0.0,1,2,1545160964,.//models/window_5_years_quarterly/,60,10,16,10,0.4519514594949164,0.3328502415458937,0.7037793667007151,"[1, 5]",./data/output/tokenizer.pkl,0.4869821145573919,0.3554784333168071,0.7729069349622709,"[3, 4, 7, 8, 9, 10]",0.4467172550313428,0.32752781809385584,0.7022821576763485,"[2, 6]",0.7934673461117491,1985,0.017168850799264168,0.017168850799264168
256,1,.//data/output/database.db,0.00012149804895275615,.//data/output/embedding_matrix.pkl,.//data/output/embedding.pkl,100,0.22939276873450076,1,20,0.4292682926829268,3,0.38344226579520696,0.48753462603878117,1,0.09827509231176686,0.41013372750827315,1,17,48,8621,0.0,3,4,1545160502,.//models/window_5_years_quarterly/,60,4,29,10,0.4867094408799266,0.42142857142857143,0.5759219088937093,"[1, 5]",./data/output/tokenizer.pkl,0.6504778317405608,0.5512480084970791,0.7932747420710737,"[3, 4, 7, 8, 9, 10]",0.47723132969034604,0.4065166795965865,0.577728776185226,"[2, 6]",0.9124538906722328,1985,0.0574411481969998,0.0574411481969998
256,1,.//data/output/database.db,7.611535242499076e-05,.//data/output/embedding_matrix.pkl,.//data/output/embedding.pkl,100,0.2783537265252603,1,16,0.4005037783375315,3,0.36054421768707484,0.45042492917847027,1,0.1052967323258642,0.41687077332513756,2,34,28,11314,0.0,3,1,1545180639,.//models/window_5_years_quarterly/,60,7,13,10,0.46086956521739125,0.39114391143911437,0.5608465608465608,"[1, 5]",./data/output/tokenizer.pkl,0.5553714027422028,0.46611026808295397,0.6869176295191949,"[3, 4, 7, 8, 9, 10]",0.48041325871717605,0.4005743000717875,0.6,"[2, 6]",1.2089851945137535,1985,0.06036578687985977,0.06036578687985977
256,1,.//data/output/database.db,0.00011796350323476161,.//data/output/embedding_matrix.pkl,.//data/output/embedding.pkl,100,0.22553048385513264,1,18,0.42857142857142855,3,0.3538083538083538,0.5433962264150943,1,0.09613075038129323,0.4160236419503185,1,16,51,10608,0.0,4,3,1545136119,.//models/window_5_years_quarterly/,60,1,28,10,0.4739545121056493,0.3702005730659026,0.6585117227319062,"[1, 5]",./data/output/tokenizer.pkl,0.5862902200178048,0.454904282612986,0.8243919885550787,"[3, 4, 7, 8, 9, 10]",0.4723053892215569,0.37008797653958947,0.6525336091003102,"[2, 6]",1.088481961139882,1986,0.04538308353422077,0.04538308353422077
256,1,.//data/output/database.db,7.584966753351959e-05,.//data/output/embedding_matrix.pkl,.//data/output/embedding.pkl,100,0.5042314469211986,2,20,0.4881889763779528,3,0.4161073825503356,0.5904761904761905,1,0.05427227563288445,0.3425520868404033,1,22,23,8108,0.0,2,2,1545181777,.//models/window_5_years_quarterly/,60,10,16,10,0.48373517030233454,0.3891625615763547,0.6390293225480284,"[1, 5]",./data/output/tokenizer.pkl,0.5888770622671634,0.4713525026624068,0.7844735909252039,"[3, 4, 7, 8, 9, 10]",0.4754420432220039,0.38584183673469385,0.6192425793244627,"[2, 6]",1.3346382375114496,1986,-0.0044538060756182385,0.0044538060756182385
256,1,.//data/output/database.db,9.165256091810573e-05,.//data/output/embedding_matrix.pkl,.//data/output/embedding.pkl,100,0.3397038077657297,4,24,0.519916142557652,3,0.48249027237354086,0.5636363636363636,1,0.08744102111748508,0.3423883666309083,2,27,27,12152,0.0,1,3,1545136843,.//models/window_5_years_quarterly/,60,4,20,10,0.4640468227424749,0.3952991452991453,0.5617408906882592,"[1, 5]",./data/output/tokenizer.pkl,0.5924952547817199,0.5033490449020094,0.7200141944641589,"[3, 4, 7, 8, 9, 10]",0.4693264693264693,0.40369003690036903,0.5604508196721312,"[2, 6]",0.8803947798878334,1986,-0.055869319815177065,0.055869319815177065
256,1,.//data/output/database.db,9.485432741491405e-05,.//data/output/embedding_matrix.pkl,.//data/output/embedding.pkl,100,0.23113934508310457,1,20,0.46596858638743455,3,0.40825688073394495,0.5426829268292683,1,0.1250736524427797,0.47405401444553685,1,18,32,7973,0.0,2,1,1545181556,.//models/window_5_years_quarterly/,60,7,19,10,0.45704584040747026,0.34744450180691794,0.6676587301587301,"[1, 5]",./data/output/tokenizer.pkl,0.48801489411217125,0.36680076963442365,0.7288842544316997,"[3, 4, 7, 8, 9, 10]",0.468013468013468,0.3518987341772152,0.6984924623115578,"[2, 6]",0.8788900522033467,1986,-0.008922745979964286,0.008922745979964286
256,1,.//data/output/database.db,0.00012840954670181455,.//data/output/embedding_matrix.pkl,.//data/output/embedding.pkl,100,0.2873620556696205,5,26,0.45134575569358176,3,0.4022140221402214,0.5141509433962265,1,0.08729825751071164,0.4382973330480731,1,26,23,7109,0.0,1,5,1545182003,.//models/window_5_years_quarterly/,60,1,12,10,0.42618849040867385,0.357592722183345,0.5273477812177503,"[1, 5]",./data/output/tokenizer.pkl,0.5464168216278072,0.4515366430260047,0.6917783411807317,"[3, 4, 7, 8, 9, 10]",0.4658901830282862,0.387007601935038,0.5851619644723093,"[2, 6]",0.8578609683307838,1987,-0.025157265284907915,0.025157265284907915
256,1,.//data/output/database.db,8.517096333156862e-05,.//data/output/embedding_matrix.pkl,.//data/output/embedding.pkl,100,0.26509783063399733,2,16,0.4675324675324676,3,0.3643724696356275,0.6521739130434783,1,0.08898562474346901,0.22396559494528726,1,20,33,6642,0.0,3,1,1545182682,.//models/window_5_years_quarterly/,60,10,16,10,0.4557983193277311,0.33415475603745687,0.7167019027484144,"[1, 5]",./data/output/tokenizer.pkl,0.5789976133651551,0.4265119549929676,0.9011887072808321,"[3, 4, 7, 8, 9, 10]",0.46827586206896554,0.3455470737913486,0.7262032085561497,"[2, 6]",0.938416721487536,1987,-0.01173414820473645,0.01173414820473645
256,1,.//data/output/database.db,7.554673056903127e-05,.//data/output/embedding_matrix.pkl,.//data/output/embedding.pkl,100,0.5214467951438063,4,27,0.4347826086956522,3,0.34574468085106386,0.5855855855855856,1,0.061780052999822255,0.2810587268454184,2,11,37,4654,0.0,2,2,1545162551,.//models/window_5_years_quarterly/,60,4,14,10,0.4675428116288331,0.37484035759897827,0.6211640211640211,"[1, 5]",./data/output/tokenizer.pkl,0.6560641681648458,0.5223519048667694,0.8817843866171003,"[3, 4, 7, 8, 9, 10]",0.4750709363599514,0.3825065274151436,0.6267379679144385,"[2, 6]",1.0780187292667156,1987,0.03276020293318088,0.03276020293318088
256,1,.//data/output/database.db,0.0001068542108780903,.//data/output/embedding_matrix.pkl,.//data/output/embedding.pkl,100,0.2507020678850814,1,25,0.43888070692194403,3,0.36253041362530414,0.5559701492537313,1,0.08590196852124131,0.3632515214893335,2,15,22,9015,0.0,2,4,1545162759,.//models/window_5_years_quarterly/,60,7,14,10,0.4673040152963671,0.3645584725536993,0.650692225772098,"[1, 5]",./data/output/tokenizer.pkl,0.585385226370135,0.4526100307062436,0.8284001498688648,"[3, 4, 7, 8, 9, 10]",0.4690978886756238,0.3645584725536993,0.6576964477933261,"[2, 6]",1.2880144446312571,1987,0.028423308374423084,0.028423308374423084
256,1,.//data/output/database.db,6.66426181658104e-05,.//data/output/embedding_matrix.pkl,.//data/output/embedding.pkl,100,0.4106228220724635,1,35,0.5531914893617021,3,0.49056603773584906,0.6341463414634146,1,0.058267985672043,0.2609244759412377,2,16,35,4236,0.0,1,3,1545182710,.//models/window_5_years_quarterly/,60,1,13,10,0.46270270270270264,0.3541092112520684,0.6673596673596673,"[1, 5]",./data/output/tokenizer.pkl,0.5635827024252534,0.43493761140819964,0.8002915451895044,"[3, 4, 7, 8, 9, 10]",0.4715447154471545,0.3637400228050171,0.6701680672268907,"[2, 6]",0.7589368157044349,1988,-0.09048878665899951,0.09048878665899951
256,1,.//data/output/database.db,9.373391504292429e-05,.//data/output/embedding_matrix.pkl,.//data/output/embedding.pkl,100,0.2688967278281802,1,24,0.0,3,0.0,0.0,1,0.11617802808716968,0.33141945057168926,1,22,36,9338,0.0,3,2,1545183319,.//models/window_5_years_quarterly/,60,10,20,10,0.4650301065308013,0.3906614785992218,0.5743707093821511,"[1, 5]",./data/output/tokenizer.pkl,0.5550587845669812,0.47344632768361583,0.6706682673069227,"[3, 4, 7, 8, 9, 10]",0.4652049571020019,0.39642567018683994,0.5628604382929643,"[2, 6]",1.0643329144899019,1988,0.4650301065308013,0.4650301065308013
256,1,.//data/output/database.db,8.779222869662728e-05,.//data/output/embedding_matrix.pkl,.//data/output/embedding.pkl,100,0.2600805024255031,3,20,0.4020442930153322,3,0.39864864864864863,0.4054982817869416,1,0.10935237365426252,0.3893733763200165,1,17,40,6851,0.0,2,1,1545141275,.//models/window_5_years_quarterly/,60,1,18,10,0.47396082178690874,0.39396346306592533,0.5947242206235012,"[1, 5]",./data/output/tokenizer.pkl,0.5795243717321639,0.483943661971831,0.7221521647751156,"[3, 4, 7, 8, 9, 10]",0.47467438494934877,0.39486356340288925,0.5949214026602176,"[2, 6]",1.0095373968741568,1989,0.07191652877157656,0.07191652877157656
256,1,.//data/output/database.db,9.461887702345963e-05,.//data/output/embedding_matrix.pkl,.//data/output/embedding.pkl,100,0.32552340171050087,1,23,0.44680851063829785,3,0.40384615384615385,0.5,1,0.11147770373723603,0.4381019920656355,1,23,44,11008,0.0,1,1,1545142352,.//models/window_5_years_quarterly/,60,10,22,10,0.44882860665844637,0.3587385019710907,0.5993413830954994,"[1, 5]",./data/output/tokenizer.pkl,0.6099673434615931,0.4843291995490417,0.8236196319018405,"[3, 4, 7, 8, 9, 10]",0.4597315436241611,0.37027027027027026,0.6061946902654868,"[2, 6]",1.1056812047308586,1989,0.0020200960201485207,0.0020200960201485207
256,1,.//data/output/database.db,9.38419593157049e-05,.//data/output/embedding_matrix.pkl,.//data/output/embedding.pkl,100,0.24268052864897208,4,13,0.4247226624405705,3,0.366120218579235,0.5056603773584906,1,0.10338645908740075,0.45971622807681384,1,19,38,7042,0.0,2,2,1545164183,.//models/window_5_years_quarterly/,60,4,22,10,0.4694113120430935,0.3550640279394645,0.6923950056753689,"[1, 5]",./data/output/tokenizer.pkl,0.5547679550621908,0.4183982247327012,0.823015873015873,"[3, 4, 7, 8, 9, 10]",0.4603979711275849,0.3493191237418591,0.6750572082379863,"[2, 6]",0.9216272635432856,1989,0.044688649602523,0.044688649602523
256,1,.//data/output/database.db,8.768557634961381e-05,.//data/output/embedding_matrix.pkl,.//data/output/embedding.pkl,100,0.2655828827698651,3,20,0.5094577553593947,3,0.4225941422594142,0.6412698412698413,1,0.09674408911641619,0.35048450089587335,2,21,37,10928,0.0,1,1,1545184058,.//models/window_5_years_quarterly/,60,7,22,10,0.46547314578005117,0.34657236126224156,0.7085650723025584,"[1, 5]",./data/output/tokenizer.pkl,0.5636153549878034,0.42090124640460214,0.8527583527583528,"[3, 4, 7, 8, 9, 10]",0.4698436336559941,0.35192414947016176,0.7066069428891377,"[2, 6]",0.9595944323343059,1989,-0.04398460957934358,0.04398460957934358
256,1,.//data/output/database.db,0.00010104859052609741,.//data/output/embedding_matrix.pkl,.//data/output/embedding.pkl,100,0.19130620376826743,6,15,0.49079754601227,3,0.40302267002518893,0.6274509803921569,1,0.09949423502375349,0.42285497106549996,1,18,35,7999,0.0,3,1,1545184524,.//models/window_5_years_quarterly/,60,1,16,10,0.47676282051282054,0.3730407523510972,0.660377358490566,"[1, 5]",./data/output/tokenizer.pkl,0.5823315627620911,0.45579868708971555,0.8061145510835913,"[3, 4, 7, 8, 9, 10]",0.47096774193548385,0.3682219419924338,0.6532438478747203,"[2, 6]",0.8999065496401341,1990,-0.014034725499449452,0.014034725499449452
256,1,.//data/output/database.db,0.00012053869348878803,.//data/output/embedding_matrix.pkl,.//data/output/embedding.pkl,100,0.3719304340896994,3,23,0.3885350318471338,3,0.27539503386004516,0.6594594594594595,1,0.09900783588083656,0.5092763993554801,2,40,45,18188,0.0,1,3,1545165495,.//models/window_5_years_quarterly/,60,10,13,10,0.4896013864818024,0.37269129287598945,0.7133838383838383,"[1, 5]",./data/output/tokenizer.pkl,0.6146607983001973,0.46734364181860144,0.8976063829787234,"[3, 4, 7, 8, 9, 10]",0.4694419840566873,0.35907859078590787,0.6777493606138107,"[2, 6]",0.9522686496683274,1990,0.10106635463466862,0.10106635463466862
256,1,.//data/output/database.db,8.855588054605978e-05,.//data/output/embedding_matrix.pkl,.//data/output/embedding.pkl,100,0.2797285086166486,3,19,0.47916666666666663,3,0.3815165876777251,0.644,1,0.09805324461872203,0.4313731274456334,1,19,38,9343,0.0,1,3,1545143150,.//models/window_5_years_quarterly/,60,4,24,10,0.47706422018348627,0.3577981651376147,0.7155963302752294,"[1, 5]",./data/output/tokenizer.pkl,0.5914166554554016,0.4452096414826818,0.8806089743589743,"[3, 4, 7, 8, 9, 10]",0.4681181959564541,0.3524590163934426,0.6967592592592593,"[2, 6]",0.9597582757734524,1990,-0.0021024464831803646,0.0021024464831803646
256,1,.//data/output/database.db,0.00012059706025317162,.//data/output/embedding_matrix.pkl,.//data/output/embedding.pkl,100,0.2748378465366733,4,13,0.4749999999999999,3,0.3877551020408163,0.6129032258064516,1,0.08754798486066506,0.5900208179629748,2,19,27,13056,0.0,2,3,1545165374,.//models/window_5_years_quarterly/,60,7,21,10,0.45781893004115226,0.40676416819012795,0.5235294117647059,"[1, 5]",./data/output/tokenizer.pkl,0.5938928506125434,0.5343863112866074,0.6683127572016461,"[3, 4, 7, 8, 9, 10]",0.466070489216202,0.4179245283018868,0.5267538644470868,"[2, 6]",1.061912315741797,1990,-0.01718106995884766,0.01718106995884766
256,1,.//data/output/database.db,0.00010896115013629641,.//data/output/embedding_matrix.pkl,.//data/output/embedding.pkl,100,0.27250863154486343,4,22,0.37398373983739835,3,0.27058823529411763,0.6052631578947368,1,0.09121309499465448,0.3313982492238002,2,22,26,9343,0.0,1,3,1545144400,.//models/window_5_years_quarterly/,60,1,19,10,0.49181953396132877,0.3964828137490008,0.6475195822454308,"[1, 5]",./data/output/tokenizer.pkl,0.5398688298239558,0.4318056322473771,0.7200736648250461,"[3, 4, 7, 8, 9, 10]",0.480912245909767,0.384006334125099,0.6432360742705571,"[2, 6]",0.860860132755989,1991,0.11783579412393042,0.11783579412393042
256,1,.//data/output/database.db,0.00011900798249234465,.//data/output/embedding_matrix.pkl,.//data/output/embedding.pkl,100,0.355650567995376,4,23,0.42105263157894735,3,0.37130801687763715,0.4861878453038674,1,0.1124627255394937,0.39786651330301215,1,17,33,10630,0.0,1,1,1545145585,.//models/window_5_years_quarterly/,60,10,20,10,0.4538595473012188,0.39695431472081216,0.5298102981029811,"[1, 5]",./data/output/tokenizer.pkl,0.5614536545528788,0.49054584373885124,0.6563245823389021,"[3, 4, 7, 8, 9, 10]",0.4587478057343476,0.39918533604887985,0.5392022008253095,"[2, 6]",0.9792465918714096,1991,0.03280691572227146,0.03280691572227146
256,1,.//data/output/database.db,8.66781319748946e-05,.//data/output/embedding_matrix.pkl,.//data/output/embedding.pkl,100,0.33135333305426645,3,23,0.40167364016736395,3,0.3116883116883117,0.5647058823529412,1,0.11941633739833521,0.367213091706804,1,16,35,8504,0.0,2,1,1545144892,.//models/window_5_years_quarterly/,60,4,22,10,0.4453781512605042,0.3648881239242685,0.5714285714285714,"[1, 5]",./data/output/tokenizer.pkl,0.5510504976041282,0.4503012048192771,0.7098765432098766,"[3, 4, 7, 8, 9, 10]",0.4739696312364425,0.3926325247079964,0.5978112175102599,"[2, 6]",1.424072226731596,1991,0.04370451109314022,0.04370451109314022
256,1,.//data/output/database.db,0.00012338541216499256,.//data/output/embedding_matrix.pkl,.//data/output/embedding.pkl,100,0.3238030902417696,1,23,0.4130019120458891,3,0.32926829268292684,0.5538461538461539,1,0.08584601321480796,0.5023330225326461,1,31,31,11148,0.0,1,3,1545145220,.//models/window_5_years_quarterly/,60,7,25,10,0.4616187989556136,0.37362637362637363,0.6038251366120219,"[1, 5]",./data/output/tokenizer.pkl,0.6952345770225342,0.5638106650689035,0.9065510597302505,"[3, 4, 7, 8, 9, 10]",0.47097124253933803,0.3868092691622103,0.6019417475728155,"[2, 6]",0.9119960379997082,1991,0.04861688690972449,0.04861688690972449
256,1,.//data/output/database.db,8.129801965789671e-05,.//data/output/embedding_matrix.pkl,.//data/output/embedding.pkl,100,0.30208463788904333,3,31,0.44522968197879853,3,0.358974358974359,0.586046511627907,1,0.1494924021788878,0.5138961515783937,1,17,43,9649,0.0,3,3,1545166513,.//models/window_5_years_quarterly/,60,1,15,10,0.4269870609981516,0.3271954674220963,0.6143617021276596,"[1, 5]",./data/output/tokenizer.pkl,0.5217944638880052,0.39575289575289574,0.765639589169001,"[3, 4, 7, 8, 9, 10]",0.4500232450023245,0.3435060326472676,0.6522911051212938,"[2, 6]",1.6173415600720873,1992,-0.01824262098064694,0.01824262098064694
256,1,.//data/output/database.db,0.00010376607578619197,.//data/output/embedding_matrix.pkl,.//data/output/embedding.pkl,100,0.28282729243731786,2,21,0.36939313984168864,3,0.26217228464419473,0.625,1,0.08367847866470686,0.5279693371577274,1,24,50,9670,0.0,1,3,1545147162,.//models/window_5_years_quarterly/,60,10,20,10,0.4551172098341909,0.3786869647954329,0.5702005730659025,"[1, 5]",./data/output/tokenizer.pkl,0.6225980015372791,0.5031055900621118,0.8165322580645161,"[3, 4, 7, 8, 9, 10]",0.46543001686340635,0.3791208791208791,0.6026200873362445,"[2, 6]",0.8807202042028922,1992,0.08572406999250226,0.08572406999250226
256,1,.//data/output/database.db,0.00011852296263244171,.//data/output/embedding_matrix.pkl,.//data/output/embedding.pkl,100,0.29415549757771786,2,17,0.36428571428571427,3,0.2833333333333333,0.51,1,0.11656761118192421,0.42995442510943715,2,20,45,10132,0.0,1,1,1545186314,.//models/window_5_years_quarterly/,60,4,18,10,0.45485714285714285,0.39879759519038077,0.5292553191489362,"[1, 5]",./data/output/tokenizer.pkl,0.5674123935854287,0.49311768754301444,0.6680652680652681,"[3, 4, 7, 8, 9, 10]",0.46693502012650945,0.40722166499498497,0.5471698113207547,"[2, 6]",0.8028213633846146,1992,0.09057142857142858,0.09057142857142858
256,1,.//data/output/database.db,9.496558755771868e-05,.//data/output/embedding_matrix.pkl,.//data/output/embedding.pkl,100,0.2490134219068635,2,24,0.3225806451612903,3,0.23809523809523808,0.5,1,0.07764146268266933,0.5223841184402086,1,18,34,14338,0.0,2,1,1545186558,.//models/window_5_years_quarterly/,60,7,28,10,0.4659989457037428,0.3781009409751925,0.6071428571428571,"[1, 5]",./data/output/tokenizer.pkl,0.5876623376623377,0.4693171996542783,0.7858176555716353,"[3, 4, 7, 8, 9, 10]",0.4746835443037974,0.3813559322033898,0.6284916201117319,"[2, 6]",1.2410998010926726,1992,0.14341830054245247,0.14341830054245247
